{
  "auth" : {
    "transaction" : "auth",
    "sampleCount" : 300,
    "errorCount" : 0,
    "errorPct" : 0.0,
    "meanResTime" : 1672.8200000000008,
    "medianResTime" : 1268.5,
    "minResTime" : 1176.0,
    "maxResTime" : 4106.0,
    "pct1ResTime" : 3119.500000000001,
    "pct2ResTime" : 3563.85,
    "pct3ResTime" : 3939.3400000000006,
    "throughput" : 27.972027972027973,
    "receivedKBytesPerSec" : 21.235067016317018,
    "sentKBytesPerSec" : 6.829108391608392
  },
  "PartialUpdateBooking" : {
    "transaction" : "PartialUpdateBooking",
    "sampleCount" : 300,
    "errorCount" : 0,
    "errorPct" : 0.0,
    "meanResTime" : 373.6666666666668,
    "medianResTime" : 332.0,
    "minResTime" : 287.0,
    "maxResTime" : 590.0,
    "pct1ResTime" : 541.0,
    "pct2ResTime" : 566.0,
    "pct3ResTime" : 578.98,
    "throughput" : 40.12841091492777,
    "receivedKBytesPerSec" : 36.089967061262705,
    "sentKBytesPerSec" : 12.187437299357946
  },
  "Total" : {
    "transaction" : "Total",
    "sampleCount" : 2100,
    "errorCount" : 0,
    "errorPct" : 0.0,
    "meanResTime" : 615.2052380952381,
    "medianResTime" : 368.0,
    "minResTime" : 287.0,
    "maxResTime" : 4106.0,
    "pct1ResTime" : 1234.0,
    "pct2ResTime" : 1320.7999999999993,
    "pct3ResTime" : 3500.53999999999,
    "throughput" : 156.78662087501866,
    "receivedKBytesPerSec" : 1202.6833814347842,
    "sentKBytesPerSec" : 45.78046840002986
  },
  "GetBooking" : {
    "transaction" : "GetBooking",
    "sampleCount" : 300,
    "errorCount" : 0,
    "errorPct" : 0.0,
    "meanResTime" : 813.073333333333,
    "medianResTime" : 699.0,
    "minResTime" : 583.0,
    "maxResTime" : 1740.0,
    "pct1ResTime" : 1139.9,
    "pct2ResTime" : 1167.6,
    "pct3ResTime" : 1393.7200000000003,
    "throughput" : 37.514067775415775,
    "receivedKBytesPerSec" : 1822.2462085391396,
    "sentKBytesPerSec" : 5.018971958234338
  },
  "DeleteBooking" : {
    "transaction" : "DeleteBooking",
    "sampleCount" : 300,
    "errorCount" : 0,
    "errorPct" : 0.0,
    "meanResTime" : 369.3766666666665,
    "medianResTime" : 331.0,
    "minResTime" : 288.0,
    "maxResTime" : 584.0,
    "pct1ResTime" : 515.9000000000001,
    "pct2ResTime" : 541.8499999999999,
    "pct3ResTime" : 574.98,
    "throughput" : 41.33370074400661,
    "receivedKBytesPerSec" : 30.434628168917058,
    "sentKBytesPerSec" : 10.45452001240011
  },
  "CreateBooking" : {
    "transaction" : "CreateBooking",
    "sampleCount" : 300,
    "errorCount" : 0,
    "errorPct" : 0.0,
    "meanResTime" : 343.34666666666647,
    "medianResTime" : 324.0,
    "minResTime" : 289.0,
    "maxResTime" : 561.0,
    "pct1ResTime" : 412.7000000000001,
    "pct2ResTime" : 441.84999999999997,
    "pct3ResTime" : 554.94,
    "throughput" : 39.108330074305826,
    "receivedKBytesPerSec" : 36.25107955286143,
    "sentKBytesPerSec" : 17.759153793508016
  },
  "GetBookingid" : {
    "transaction" : "GetBookingid",
    "sampleCount" : 300,
    "errorCount" : 0,
    "errorPct" : 0.0,
    "meanResTime" : 333.5033333333334,
    "medianResTime" : 321.0,
    "minResTime" : 289.0,
    "maxResTime" : 551.0,
    "pct1ResTime" : 399.80000000000007,
    "pct2ResTime" : 426.9,
    "pct3ResTime" : 477.82000000000016,
    "throughput" : 39.16960438699569,
    "receivedKBytesPerSec" : 35.19807171301736,
    "sentKBytesPerSec" : 6.426263219741481
  },
  "UpdateBooking" : {
    "transaction" : "UpdateBooking",
    "sampleCount" : 300,
    "errorCount" : 0,
    "errorPct" : 0.0,
    "meanResTime" : 400.65000000000003,
    "medianResTime" : 330.5,
    "minResTime" : 287.0,
    "maxResTime" : 650.0,
    "pct1ResTime" : 572.0,
    "pct2ResTime" : 580.0,
    "pct3ResTime" : 629.8100000000002,
    "throughput" : 39.5778364116095,
    "receivedKBytesPerSec" : 35.63654353562005,
    "sentKBytesPerSec" : 19.441066127968337
  }
}