{
  "auth" : {
    "transaction" : "auth",
    "sampleCount" : 500,
    "errorCount" : 0,
    "errorPct" : 0.0,
    "meanResTime" : 1601.368000000001,
    "medianResTime" : 1252.5,
    "minResTime" : 1120.0,
    "maxResTime" : 3604.0,
    "pct1ResTime" : 3024.7000000000003,
    "pct2ResTime" : 3488.75,
    "pct3ResTime" : 3578.95,
    "throughput" : 45.89682393978337,
    "receivedKBytesPerSec" : 34.77760120249679,
    "sentKBytesPerSec" : 11.205279282173674
  },
  "PartialUpdateBooking" : {
    "transaction" : "PartialUpdateBooking",
    "sampleCount" : 500,
    "errorCount" : 0,
    "errorPct" : 0.0,
    "meanResTime" : 380.2160000000001,
    "medianResTime" : 334.5,
    "minResTime" : 270.0,
    "maxResTime" : 568.0,
    "pct1ResTime" : 541.9000000000001,
    "pct2ResTime" : 547.0,
    "pct3ResTime" : 560.99,
    "throughput" : 67.0331143584931,
    "receivedKBytesPerSec" : 60.462298062742995,
    "sentKBytesPerSec" : 20.31456860001341
  },
  "Total" : {
    "transaction" : "Total",
    "sampleCount" : 3500,
    "errorCount" : 0,
    "errorPct" : 0.0,
    "meanResTime" : 535.6177142857127,
    "medianResTime" : 342.0,
    "minResTime" : 269.0,
    "maxResTime" : 3604.0,
    "pct1ResTime" : 1215.0,
    "pct2ResTime" : 1318.8999999999996,
    "pct3ResTime" : 3327.6599999999926,
    "throughput" : 269.8119025593586,
    "receivedKBytesPerSec" : 576.8302943358773,
    "sentKBytesPerSec" : 78.68148704902868
  },
  "GetBooking" : {
    "transaction" : "GetBooking",
    "sampleCount" : 500,
    "errorCount" : 0,
    "errorPct" : 0.0,
    "meanResTime" : 346.7819999999994,
    "medianResTime" : 326.0,
    "minResTime" : 276.0,
    "maxResTime" : 1836.0,
    "pct1ResTime" : 414.0,
    "pct2ResTime" : 434.95,
    "pct3ResTime" : 556.3700000000006,
    "throughput" : 64.8760866744518,
    "receivedKBytesPerSec" : 638.4064152312833,
    "sentKBytesPerSec" : 8.679710814843649
  },
  "DeleteBooking" : {
    "transaction" : "DeleteBooking",
    "sampleCount" : 500,
    "errorCount" : 0,
    "errorPct" : 0.0,
    "meanResTime" : 368.8200000000002,
    "medianResTime" : 324.0,
    "minResTime" : 269.0,
    "maxResTime" : 587.0,
    "pct1ResTime" : 525.0,
    "pct2ResTime" : 542.0,
    "pct3ResTime" : 566.94,
    "throughput" : 68.46501437765302,
    "receivedKBytesPerSec" : 50.4571109475558,
    "sentKBytesPerSec" : 17.271770804806245
  },
  "CreateBooking" : {
    "transaction" : "CreateBooking",
    "sampleCount" : 500,
    "errorCount" : 0,
    "errorPct" : 0.0,
    "meanResTime" : 341.6800000000002,
    "medianResTime" : 322.0,
    "minResTime" : 274.0,
    "maxResTime" : 924.0,
    "pct1ResTime" : 420.0,
    "pct2ResTime" : 432.95,
    "pct3ResTime" : 459.93000000000006,
    "throughput" : 65.03642039542143,
    "receivedKBytesPerSec" : 60.266278412786164,
    "sentKBytesPerSec" : 29.533140120967744
  },
  "GetBookingid" : {
    "transaction" : "GetBookingid",
    "sampleCount" : 500,
    "errorCount" : 0,
    "errorPct" : 0.0,
    "meanResTime" : 332.526,
    "medianResTime" : 320.0,
    "minResTime" : 270.0,
    "maxResTime" : 569.0,
    "pct1ResTime" : 404.90000000000003,
    "pct2ResTime" : 418.95,
    "pct3ResTime" : 484.63000000000034,
    "throughput" : 65.56517178075006,
    "receivedKBytesPerSec" : 58.95691958431681,
    "sentKBytesPerSec" : 10.713630794322055
  },
  "UpdateBooking" : {
    "transaction" : "UpdateBooking",
    "sampleCount" : 500,
    "errorCount" : 0,
    "errorPct" : 0.0,
    "meanResTime" : 377.9320000000004,
    "medianResTime" : 351.0,
    "minResTime" : 273.0,
    "maxResTime" : 560.0,
    "pct1ResTime" : 494.80000000000007,
    "pct2ResTime" : 506.0,
    "pct3ResTime" : 551.99,
    "throughput" : 65.78947368421052,
    "receivedKBytesPerSec" : 59.364206414473685,
    "sentKBytesPerSec" : 32.27320620888158
  }
}